{
	"Version": 3,
	"Meta": {
		"Duration": 10.467,
		"Fps": 30.0,
		"Loop": true,
		"AreBeziersRestricted": true,
		"CurveCount": 65,
		"TotalSegmentCount": 233,
		"TotalPointCount": 594,
		"UserDataCount": 0,
		"TotalUserDataSize": 0
	},
	"Curves": [
		{
			"Target": "Model",
			"Id": "Opacity",
			"Segments": [
				0,
				1,
				1,
				1.333,
				1,
				2.667,
				1,
				4,
				1,
				0,
				10.467,
				1
			]
		},
		{
			"Target": "Model",
			"Id": "EyeBlink",
			"Segments": [
				0,
				1,
				0,
				10.467,
				1
			]
		},
		{
			"Target": "Model",
			"Id": "LipSync",
			"Segments": [
				0,
				0,
				0,
				10.467,
				0
			]
		},
		{
			"Target": "Parameter",
			"Id": "ParamAngleX",
			"Segments": [
				0,
				0,
				1,
				1.333,
				0,
				2.667,
				0,
				4,
				0,
				0,
				10.467,
				0
			]
		},
		{
			"Target": "Parameter",
			"Id": "ParamAngleY",
			"Segments": [
				0,
				0,
				1,
				0.233,
				0,
				0.467,
				-1,
				0.7,
				-1,
				1,
				0.789,
				-1,
				0.878,
				7,
				0.967,
				7,
				1,
				1.2,
				7,
				1.433,
				7,
				1.667,
				7,
				1,
				1.767,
				7,
				1.867,
				-4,
				1.967,
				-4,
				1,
				2.111,
				-4,
				2.256,
				2,
				2.4,
				2,
				1,
				2.622,
				2,
				2.844,
				0,
				3.067,
				0,
				1,
				3.378,
				0,
				3.689,
				0,
				4,
				0,
				0,
				10.467,
				0
			]
		},
		{
			"Target": "Parameter",
			"Id": "ParamAngleZ",
			"Segments": [
				0,
				-21,
				1,
				0.122,
				-21,
				0.244,
				-21,
				0.367,
				-21,
				1,
				0.567,
				-21,
				0.767,
				-12.835,
				0.967,
				0,
				1,
				1.2,
				14.974,
				1.433,
				21,
				1.667,
				21,
				1,
				2,
				21,
				2.333,
				0,
				2.667,
				0,
				1,
				3.111,
				0,
				3.556,
				0,
				4,
				0,
				0,
				10.467,
				0
			]
		},
		{
			"Target": "Parameter",
			"Id": "ParamTere",
			"Segments": [
				0,
				0,
				1,
				1.333,
				0,
				2.667,
				0,
				4,
				0,
				0,
				10.467,
				0
			]
		},
		{
			"Target": "Parameter",
			"Id": "ParamFaceForm",
			"Segments": [
				0,
				0,
				1,
				1.333,
				0,
				2.667,
				0,
				4,
				0,
				0,
				10.467,
				0
			]
		},
		{
			"Target": "Parameter",
			"Id": "ParamEyeLOpen",
			"Segments": [
				0,
				1,
				1,
				0.233,
				1,
				0.467,
				1,
				0.7,
				1,
				1,
				0.744,
				1,
				0.789,
				0,
				0.833,
				0,
				1,
				0.878,
				0,
				0.922,
				2,
				0.967,
				2,
				1,
				0.989,
				2,
				1.011,
				1.9,
				1.033,
				1.9,
				1,
				1.267,
				1.9,
				1.5,
				1.9,
				1.733,
				1.9,
				1,
				1.789,
				1.9,
				1.844,
				0,
				1.9,
				0,
				1,
				1.978,
				0,
				2.056,
				0,
				2.133,
				0,
				1,
				2.2,
				0,
				2.267,
				1.1,
				2.333,
				1.1,
				1,
				2.356,
				1.1,
				2.378,
				1,
				2.4,
				1,
				1,
				2.933,
				1,
				3.467,
				1,
				4,
				1,
				0,
				10.467,
				1
			]
		},
		{
			"Target": "Parameter",
			"Id": "ParamEyeLSmile",
			"Segments": [
				0,
				0,
				1,
				1.333,
				0,
				2.667,
				0,
				4,
				0,
				0,
				10.467,
				0
			]
		},
		{
			"Target": "Parameter",
			"Id": "ParamEyeROpen",
			"Segments": [
				0,
				1,
				1,
				0.233,
				1,
				0.467,
				1,
				0.7,
				1,
				1,
				0.744,
				1,
				0.789,
				0,
				0.833,
				0,
				1,
				0.878,
				0,
				0.922,
				2,
				0.967,
				2,
				1,
				0.989,
				2,
				1.011,
				1.9,
				1.033,
				1.9,
				1,
				1.267,
				1.9,
				1.5,
				1.9,
				1.733,
				1.9,
				1,
				1.789,
				1.9,
				1.844,
				0,
				1.9,
				0,
				1,
				1.978,
				0,
				2.056,
				0,
				2.133,
				0,
				1,
				2.2,
				0,
				2.267,
				1.1,
				2.333,
				1.1,
				1,
				2.356,
				1.1,
				2.378,
				1,
				2.4,
				1,
				1,
				2.933,
				1,
				3.467,
				1,
				4,
				1,
				0,
				10.467,
				1
			]
		},
		{
			"Target": "Parameter",
			"Id": "ParamEyeRSmile",
			"Segments": [
				0,
				0,
				1,
				1.333,
				0,
				2.667,
				0,
				4,
				0,
				0,
				10.467,
				0
			]
		},
		{
			"Target": "Parameter",
			"Id": "ParamEyeForm",
			"Segments": [
				0,
				0,
				1,
				1.333,
				0,
				2.667,
				0,
				4,
				0,
				0,
				10.467,
				0
			]
		},
		{
			"Target": "Parameter",
			"Id": "ParamEyeBallForm",
			"Segments": [
				0,
				0,
				1,
				0.233,
				0,
				0.467,
				0,
				0.7,
				0,
				1,
				0.789,
				0,
				0.878,
				-0.49,
				0.967,
				-0.49,
				1,
				1.6,
				-0.49,
				2.233,
				-0.49,
				2.867,
				-0.49,
				1,
				3.244,
				-0.49,
				3.622,
				-0.49,
				4,
				-0.49,
				0,
				10.467,
				-0.49
			]
		},
		{
			"Target": "Parameter",
			"Id": "ParamTear",
			"Segments": [
				0,
				0,
				1,
				1.333,
				0,
				2.667,
				0,
				4,
				0,
				0,
				10.467,
				0
			]
		},
		{
			"Target": "Parameter",
			"Id": "ParamEyeBallX",
			"Segments": [
				0,
				0,
				1,
				0.233,
				0,
				0.467,
				0,
				0.7,
				0,
				1,
				0.811,
				0,
				0.922,
				0,
				1.033,
				0,
				1,
				1.267,
				0,
				1.5,
				0,
				1.733,
				0,
				1,
				1.956,
				0,
				2.178,
				0,
				2.4,
				0,
				1,
				2.933,
				0,
				3.467,
				0,
				4,
				0,
				0,
				10.467,
				0
			]
		},
		{
			"Target": "Parameter",
			"Id": "ParamEyeBallY",
			"Segments": [
				0,
				0,
				1,
				0.233,
				0,
				0.467,
				0,
				0.7,
				0,
				1,
				0.744,
				0,
				0.789,
				-0.1,
				0.833,
				-0.1,
				1,
				0.878,
				-0.1,
				0.922,
				0.1,
				0.967,
				0.1,
				1,
				0.989,
				0.1,
				1.011,
				0,
				1.033,
				0,
				1,
				1.267,
				0,
				1.5,
				0,
				1.733,
				0,
				1,
				1.789,
				0,
				1.844,
				-0.1,
				1.9,
				-0.1,
				1,
				1.978,
				-0.1,
				2.056,
				-0.1,
				2.133,
				-0.1,
				1,
				2.2,
				-0.1,
				2.267,
				0.1,
				2.333,
				0.1,
				1,
				2.356,
				0.1,
				2.378,
				0,
				2.4,
				0,
				1,
				2.933,
				0,
				3.467,
				0,
				4,
				0,
				0,
				10.467,
				0
			]
		},
		{
			"Target": "Parameter",
			"Id": "ParamBrowLY",
			"Segments": [
				0,
				0,
				1,
				0.244,
				0,
				0.489,
				0,
				0.733,
				0,
				1,
				0.767,
				0,
				0.8,
				-0.2,
				0.833,
				-0.2,
				1,
				0.878,
				-0.2,
				0.922,
				0.555,
				0.967,
				0.56,
				1,
				1.222,
				0.591,
				1.478,
				0.6,
				1.733,
				0.6,
				1,
				1.789,
				0.6,
				1.844,
				-0.1,
				1.9,
				-0.1,
				1,
				1.978,
				-0.1,
				2.056,
				-0.1,
				2.133,
				-0.1,
				1,
				2.222,
				-0.1,
				2.311,
				0.3,
				2.4,
				0.3,
				1,
				2.933,
				0.3,
				3.467,
				0.3,
				4,
				0.3,
				0,
				10.467,
				0.3
			]
		},
		{
			"Target": "Parameter",
			"Id": "ParamBrowRY",
			"Segments": [
				0,
				0,
				1,
				0.244,
				0,
				0.489,
				0,
				0.733,
				0,
				1,
				0.767,
				0,
				0.8,
				-0.2,
				0.833,
				-0.2,
				1,
				0.878,
				-0.2,
				0.922,
				0.61,
				0.967,
				0.61,
				1,
				1.222,
				0.61,
				1.478,
				0.608,
				1.733,
				0.6,
				1,
				1.789,
				0.598,
				1.844,
				-0.1,
				1.9,
				-0.1,
				1,
				1.978,
				-0.1,
				2.056,
				-0.1,
				2.133,
				-0.1,
				1,
				2.222,
				-0.1,
				2.311,
				0.3,
				2.4,
				0.3,
				1,
				2.933,
				0.3,
				3.467,
				0.3,
				4,
				0.3,
				0,
				10.467,
				0.3
			]
		},
		{
			"Target": "Parameter",
			"Id": "ParamBrowLX",
			"Segments": [
				0,
				0,
				1,
				0.244,
				0,
				0.489,
				0,
				0.733,
				0,
				1,
				0.811,
				0,
				0.889,
				0.3,
				0.967,
				0.3,
				1,
				1.222,
				0.3,
				1.478,
				0.3,
				1.733,
				0.3,
				1,
				1.956,
				0.3,
				2.178,
				0.2,
				2.4,
				0.2,
				1,
				2.933,
				0.2,
				3.467,
				0.2,
				4,
				0.2,
				0,
				10.467,
				0.2
			]
		},
		{
			"Target": "Parameter",
			"Id": "ParamBrowRX",
			"Segments": [
				0,
				0,
				1,
				0.244,
				0,
				0.489,
				0,
				0.733,
				0,
				1,
				0.811,
				0,
				0.889,
				0.3,
				0.967,
				0.3,
				1,
				1.222,
				0.3,
				1.478,
				0.3,
				1.733,
				0.3,
				1,
				1.956,
				0.3,
				2.178,
				0.2,
				2.4,
				0.2,
				1,
				2.933,
				0.2,
				3.467,
				0.2,
				4,
				0.2,
				0,
				10.467,
				0.2
			]
		},
		{
			"Target": "Parameter",
			"Id": "ParamBrowLAngle",
			"Segments": [
				0,
				0,
				1,
				0.244,
				0,
				0.489,
				0,
				0.733,
				0,
				1,
				0.811,
				0,
				0.889,
				0.4,
				0.967,
				0.4,
				1,
				1.222,
				0.4,
				1.478,
				0.4,
				1.733,
				0.4,
				1,
				1.956,
				0.4,
				2.178,
				0.5,
				2.4,
				0.5,
				1,
				2.933,
				0.5,
				3.467,
				0.5,
				4,
				0.5,
				0,
				10.467,
				0.5
			]
		},
		{
			"Target": "Parameter",
			"Id": "ParamBrowRAngle",
			"Segments": [
				0,
				0,
				1,
				0.244,
				0,
				0.489,
				0,
				0.733,
				0,
				1,
				0.811,
				0,
				0.889,
				0.4,
				0.967,
				0.4,
				1,
				1.222,
				0.4,
				1.478,
				0.4,
				1.733,
				0.4,
				1,
				1.956,
				0.4,
				2.178,
				0.5,
				2.4,
				0.5,
				1,
				2.933,
				0.5,
				3.467,
				0.5,
				4,
				0.5,
				0,
				10.467,
				0.5
			]
		},
		{
			"Target": "Parameter",
			"Id": "ParamBrowLForm",
			"Segments": [
				0,
				0,
				1,
				0.244,
				0,
				0.489,
				0,
				0.733,
				0,
				1,
				0.811,
				0,
				0.889,
				0.4,
				0.967,
				0.4,
				1,
				1.222,
				0.4,
				1.478,
				0.4,
				1.733,
				0.4,
				1,
				1.956,
				0.4,
				2.178,
				0.3,
				2.4,
				0.3,
				1,
				2.933,
				0.3,
				3.467,
				0.3,
				4,
				0.3,
				0,
				10.467,
				0.3
			]
		},
		{
			"Target": "Parameter",
			"Id": "ParamBrowRForm",
			"Segments": [
				0,
				0,
				1,
				0.244,
				0,
				0.489,
				0,
				0.733,
				0,
				1,
				0.811,
				0,
				0.889,
				0.4,
				0.967,
				0.4,
				1,
				1.222,
				0.4,
				1.478,
				0.4,
				1.733,
				0.4,
				1,
				1.956,
				0.4,
				2.178,
				0.3,
				2.4,
				0.3,
				1,
				2.933,
				0.3,
				3.467,
				0.3,
				4,
				0.3,
				0,
				10.467,
				0.3
			]
		},
		{
			"Target": "Parameter",
			"Id": "ParamMouthForm",
			"Segments": [
				0,
				1,
				1,
				0.244,
				1,
				0.489,
				1,
				0.733,
				1,
				1,
				0.811,
				1,
				0.889,
				-1,
				0.967,
				-1,
				1,
				1.222,
				-1,
				1.478,
				-1,
				1.733,
				-1,
				1,
				1.833,
				-1,
				1.933,
				-0.594,
				2.033,
				0,
				1,
				2.156,
				0.726,
				2.278,
				1,
				2.4,
				1,
				1,
				2.933,
				1,
				3.467,
				1,
				4,
				1,
				0,
				10.467,
				1
			]
		},
		{
			"Target": "Parameter",
			"Id": "ParamMouthOpenY",
			"Segments": [
				0,
				0,
				1,
				1.333,
				0,
				2.667,
				0,
				4,
				0,
				0,
				10.467,
				0
			]
		},
		{
			"Target": "Parameter",
			"Id": "ParamScarf",
			"Segments": [
				0,
				0,
				1,
				1.333,
				0,
				2.667,
				0,
				4,
				0,
				0,
				10.467,
				0
			]
		},
		{
			"Target": "Parameter",
			"Id": "ParamBodyAngleX",
			"Segments": [
				0,
				0,
				1,
				0.311,
				0,
				0.622,
				0,
				0.933,
				0,
				1,
				1.222,
				0,
				1.511,
				-6,
				1.8,
				-6,
				1,
				2.122,
				-6,
				2.444,
				0,
				2.767,
				0,
				1,
				3.178,
				0,
				3.589,
				0,
				4,
				0,
				0,
				10.467,
				0
			]
		},
		{
			"Target": "Parameter",
			"Id": "ParamBodyAngleY",
			"Segments": [
				0,
				0,
				1,
				0.233,
				0,
				0.467,
				-1,
				0.7,
				-1,
				1,
				0.789,
				-1,
				0.878,
				1,
				0.967,
				1,
				1,
				1.056,
				1,
				1.144,
				0,
				1.233,
				0,
				1,
				2.156,
				0,
				3.078,
				0,
				4,
				0,
				0,
				10.467,
				0
			]
		},
		{
			"Target": "Parameter",
			"Id": "ParamBodyAngleZ",
			"Segments": [
				0,
				0,
				1,
				0.322,
				0,
				0.644,
				0,
				0.967,
				0,
				1,
				1.244,
				0,
				1.522,
				4,
				1.8,
				4,
				1,
				2.167,
				4,
				2.533,
				0,
				2.9,
				0,
				1,
				3.267,
				0,
				3.633,
				0,
				4,
				0,
				0,
				10.467,
				0
			]
		},
		{
			"Target": "Parameter",
			"Id": "ParamBodyUpper",
			"Segments": [
				0,
				6,
				1,
				1.189,
				6,
				2.378,
				6,
				3.567,
				6,
				1,
				3.711,
				6,
				3.856,
				6,
				4,
				6,
				0,
				10.467,
				6
			]
		},
		{
			"Target": "Parameter",
			"Id": "ParamBreath",
			"Segments": [
				0,
				0,
				1,
				1.333,
				0,
				2.667,
				0,
				4,
				0,
				0,
				10.467,
				0
			]
		},
		{
			"Target": "Parameter",
			"Id": "ParamBustY",
			"Segments": [
				0,
				0,
				1,
				1.333,
				0,
				2.667,
				0,
				4,
				0,
				0,
				10.467,
				0
			]
		},
		{
			"Target": "Parameter",
			"Id": "ParamArmLA",
			"Segments": [
				0,
				-1,
				1,
				0.344,
				-1,
				0.689,
				-1,
				1.033,
				-1,
				1,
				1.189,
				-1,
				1.344,
				-0.9,
				1.5,
				-0.9,
				1,
				1.6,
				-0.9,
				1.7,
				-1,
				1.8,
				-1,
				1,
				2.389,
				-1,
				2.978,
				-1,
				3.567,
				-1,
				1,
				3.711,
				-1,
				3.856,
				-1,
				4,
				-1,
				0,
				10.467,
				-1
			]
		},
		{
			"Target": "Parameter",
			"Id": "ParamArmRA",
			"Segments": [
				0,
				-1,
				1,
				0.344,
				-1,
				0.689,
				-1,
				1.033,
				-1,
				1,
				1.189,
				-1,
				1.344,
				-0.9,
				1.5,
				-0.9,
				1,
				1.6,
				-0.9,
				1.7,
				-1,
				1.8,
				-1,
				1,
				2.389,
				-1,
				2.978,
				-1,
				3.567,
				-1,
				1,
				3.711,
				-1,
				3.856,
				-1,
				4,
				-1,
				0,
				10.467,
				-1
			]
		},
		{
			"Target": "Parameter",
			"Id": "ParamArmLB",
			"Segments": [
				0,
				0,
				1,
				1.333,
				0,
				2.667,
				0,
				4,
				0,
				0,
				10.467,
				0
			]
		},
		{
			"Target": "Parameter",
			"Id": "ParamArmRB",
			"Segments": [
				0,
				0,
				1,
				1.333,
				0,
				2.667,
				0,
				4,
				0,
				0,
				10.467,
				0
			]
		},
		{
			"Target": "Parameter",
			"Id": "ParamHandChangeR",
			"Segments": [
				0,
				0,
				1,
				1.333,
				0,
				2.667,
				0,
				4,
				0,
				0,
				10.467,
				0
			]
		},
		{
			"Target": "Parameter",
			"Id": "ParamHandAngleR",
			"Segments": [
				0,
				1,
				1,
				1.333,
				1,
				2.667,
				1,
				4,
				1,
				0,
				10.467,
				1
			]
		},
		{
			"Target": "Parameter",
			"Id": "ParamHandDhangeL",
			"Segments": [
				0,
				0,
				1,
				1.333,
				0,
				2.667,
				0,
				4,
				0,
				0,
				10.467,
				0
			]
		},
		{
			"Target": "Parameter",
			"Id": "ParamHandAngleL",
			"Segments": [
				0,
				-1,
				1,
				1.333,
				-1,
				2.667,
				-1,
				4,
				-1,
				0,
				10.467,
				-1
			]
		},
		{
			"Target": "Parameter",
			"Id": "ParamHairFront",
			"Segments": [
				0,
				0,
				1,
				1.333,
				0,
				2.667,
				0,
				4,
				0,
				0,
				10.467,
				0
			]
		},
		{
			"Target": "Parameter",
			"Id": "ParamHairSide",
			"Segments": [
				0,
				0,
				1,
				1.333,
				0,
				2.667,
				0,
				4,
				0,
				0,
				10.467,
				0
			]
		},
		{
			"Target": "Parameter",
			"Id": "ParamHairBack",
			"Segments": [
				0,
				0,
				1,
				1.333,
				0,
				2.667,
				0,
				4,
				0,
				0,
				10.467,
				0
			]
		},
		{
			"Target": "PartOpacity",
			"Id": "Part01Core",
			"Segments": [
				0,
				1,
				2,
				4,
				1,
				0,
				10.467,
				1
			]
		},
		{
			"Target": "PartOpacity",
			"Id": "Part01Hoho001",
			"Segments": [
				0,
				1,
				2,
				4,
				1,
				0,
				10.467,
				1
			]
		},
		{
			"Target": "PartOpacity",
			"Id": "Part01Brow001",
			"Segments": [
				0,
				1,
				2,
				4,
				1,
				0,
				10.467,
				1
			]
		},
		{
			"Target": "PartOpacity",
			"Id": "Part01Tear",
			"Segments": [
				0,
				1,
				2,
				4,
				1,
				0,
				10.467,
				1
			]
		},
		{
			"Target": "PartOpacity",
			"Id": "Part01EyeBall001",
			"Segments": [
				0,
				1,
				2,
				4,
				1,
				0,
				10.467,
				1
			]
		},
		{
			"Target": "PartOpacity",
			"Id": "Part01Eye001",
			"Segments": [
				0,
				1,
				2,
				4,
				1,
				0,
				10.467,
				1
			]
		},
		{
			"Target": "PartOpacity",
			"Id": "Part01Nose001",
			"Segments": [
				0,
				1,
				2,
				4,
				1,
				0,
				10.467,
				1
			]
		},
		{
			"Target": "PartOpacity",
			"Id": "Part01Mouth001",
			"Segments": [
				0,
				1,
				2,
				4,
				1,
				0,
				10.467,
				1
			]
		},
		{
			"Target": "PartOpacity",
			"Id": "Part01Face001",
			"Segments": [
				0,
				1,
				2,
				4,
				1,
				0,
				10.467,
				1
			]
		},
		{
			"Target": "PartOpacity",
			"Id": "Part01Ear001",
			"Segments": [
				0,
				1,
				2,
				4,
				1,
				0,
				10.467,
				1
			]
		},
		{
			"Target": "PartOpacity",
			"Id": "Part01Neck001",
			"Segments": [
				0,
				1,
				2,
				4,
				1,
				0,
				10.467,
				1
			]
		},
		{
			"Target": "PartOpacity",
			"Id": "Part01HairFront001",
			"Segments": [
				0,
				1,
				2,
				4,
				1,
				0,
				10.467,
				1
			]
		},
		{
			"Target": "PartOpacity",
			"Id": "Part01HairSide001",
			"Segments": [
				0,
				1,
				2,
				4,
				1,
				0,
				10.467,
				1
			]
		},
		{
			"Target": "PartOpacity",
			"Id": "Part01HairBack001",
			"Segments": [
				0,
				1,
				2,
				4,
				1,
				0,
				10.467,
				1
			]
		},
		{
			"Target": "PartOpacity",
			"Id": "Part01ArmRB001",
			"Segments": [
				0,
				0,
				2,
				4,
				0,
				0,
				10.467,
				0
			]
		},
		{
			"Target": "PartOpacity",
			"Id": "Part01ArmLB001",
			"Segments": [
				0,
				0,
				2,
				4,
				0,
				0,
				10.467,
				0
			]
		},
		{
			"Target": "PartOpacity",
			"Id": "Part01ArmRA001",
			"Segments": [
				0,
				1,
				2,
				4,
				1,
				0,
				10.467,
				1
			]
		},
		{
			"Target": "PartOpacity",
			"Id": "Part01ArmLA001",
			"Segments": [
				0,
				1,
				2,
				4,
				1,
				0,
				10.467,
				1
			]
		},
		{
			"Target": "PartOpacity",
			"Id": "Part01Body001",
			"Segments": [
				0,
				1,
				2,
				4,
				1,
				0,
				10.467,
				1
			]
		},
		{
			"Target": "PartOpacity",
			"Id": "Part01Sketch",
			"Segments": [
				0,
				0,
				2,
				4,
				0,
				0,
				10.467,
				0
			]
		}
	]
}