{
	"Version": 3,
	"Meta": {
		"Duration": 4.5,
		"Fps": 30.0,
		"Loop": true,
		"AreBeziersRestricted": true,
		"CurveCount": 65,
		"TotalSegmentCount": 209,
		"TotalPointCount": 522,
		"UserDataCount": 0,
		"TotalUserDataSize": 0
	},
	"Curves": [
		{
			"Target": "Model",
			"Id": "Opacity",
			"Segments": [
				0,
				1,
				1,
				1.489,
				1,
				2.978,
				1,
				4.467,
				1,
				0,
				4.5,
				1
			]
		},
		{
			"Target": "Model",
			"Id": "EyeBlink",
			"Segments": [
				0,
				1,
				0,
				4.5,
				1
			]
		},
		{
			"Target": "Model",
			"Id": "LipSync",
			"Segments": [
				0,
				0,
				0,
				4.5,
				0
			]
		},
		{
			"Target": "Parameter",
			"Id": "ParamAngleX",
			"Segments": [
				0,
				0,
				1,
				0.367,
				0,
				0.733,
				0,
				1.1,
				0,
				1,
				1.4,
				0,
				1.7,
				-5,
				2,
				-5,
				1,
				2.244,
				-5,
				2.489,
				17,
				2.733,
				17,
				1,
				3.311,
				17,
				3.889,
				17,
				4.467,
				17,
				0,
				4.5,
				17
			]
		},
		{
			"Target": "Parameter",
			"Id": "ParamAngleY",
			"Segments": [
				0,
				0,
				1,
				0.367,
				0,
				0.733,
				0,
				1.1,
				0,
				1,
				1.4,
				0,
				1.7,
				6.189,
				2,
				8,
				1,
				2.211,
				9.275,
				2.422,
				9,
				2.633,
				9,
				1,
				2.9,
				9,
				3.167,
				-8,
				3.433,
				-8,
				1,
				3.778,
				-8,
				4.122,
				-8,
				4.467,
				-8,
				0,
				4.5,
				-8
			]
		},
		{
			"Target": "Parameter",
			"Id": "ParamAngleZ",
			"Segments": [
				0,
				0,
				1,
				0.367,
				0,
				0.733,
				0,
				1.1,
				0,
				1,
				1.922,
				0,
				2.744,
				-10,
				3.567,
				-10,
				1,
				3.867,
				-10,
				4.167,
				-10,
				4.467,
				-10,
				0,
				4.5,
				-10
			]
		},
		{
			"Target": "Parameter",
			"Id": "ParamTere",
			"Segments": [
				0,
				0.5,
				1,
				0.744,
				0.5,
				1.489,
				0.5,
				2.233,
				0.5,
				1,
				2.389,
				0.5,
				2.544,
				1,
				2.7,
				1,
				1,
				3.289,
				1,
				3.878,
				1,
				4.467,
				1,
				0,
				4.5,
				1
			]
		},
		{
			"Target": "Parameter",
			"Id": "ParamFaceForm",
			"Segments": [
				0,
				0,
				1,
				0.367,
				0,
				0.733,
				0,
				1.1,
				0,
				1,
				2.222,
				0,
				3.344,
				0,
				4.467,
				0,
				0,
				4.5,
				0
			]
		},
		{
			"Target": "Parameter",
			"Id": "ParamEyeLOpen",
			"Segments": [
				0,
				0.91,
				1,
				0.367,
				0.91,
				0.733,
				0.91,
				1.1,
				0.91,
				1,
				1.689,
				0.91,
				2.278,
				0.91,
				2.867,
				0.91,
				1,
				2.922,
				0.91,
				2.978,
				0,
				3.033,
				0,
				1,
				3.1,
				0,
				3.167,
				0,
				3.233,
				0,
				1,
				3.311,
				0,
				3.389,
				0.91,
				3.467,
				0.91,
				1,
				3.8,
				0.91,
				4.133,
				0.91,
				4.467,
				0.91,
				0,
				4.5,
				0.91
			]
		},
		{
			"Target": "Parameter",
			"Id": "ParamEyeLSmile",
			"Segments": [
				0,
				0,
				1,
				0.367,
				0,
				0.733,
				0,
				1.1,
				0,
				1,
				2.222,
				0,
				3.344,
				0,
				4.467,
				0,
				0,
				4.5,
				0
			]
		},
		{
			"Target": "Parameter",
			"Id": "ParamEyeROpen",
			"Segments": [
				0,
				0.9,
				1,
				0.367,
				0.9,
				0.733,
				0.9,
				1.1,
				0.9,
				1,
				1.689,
				0.9,
				2.278,
				0.9,
				2.867,
				0.9,
				1,
				2.922,
				0.9,
				2.978,
				0,
				3.033,
				0,
				1,
				3.1,
				0,
				3.167,
				0,
				3.233,
				0,
				1,
				3.311,
				0,
				3.389,
				0.9,
				3.467,
				0.9,
				1,
				3.8,
				0.9,
				4.133,
				0.9,
				4.467,
				0.9,
				0,
				4.5,
				0.9
			]
		},
		{
			"Target": "Parameter",
			"Id": "ParamEyeRSmile",
			"Segments": [
				0,
				0,
				1,
				0.367,
				0,
				0.733,
				0,
				1.1,
				0,
				1,
				2.222,
				0,
				3.344,
				0,
				4.467,
				0,
				0,
				4.5,
				0
			]
		},
		{
			"Target": "Parameter",
			"Id": "ParamEyeForm",
			"Segments": [
				0,
				0,
				1,
				0.367,
				0,
				0.733,
				0,
				1.1,
				0,
				1,
				2.222,
				0,
				3.344,
				0,
				4.467,
				0,
				0,
				4.5,
				0
			]
		},
		{
			"Target": "Parameter",
			"Id": "ParamEyeBallForm",
			"Segments": [
				0,
				0,
				1,
				0.367,
				0,
				0.733,
				0,
				1.1,
				0,
				1,
				2.222,
				0,
				3.344,
				0,
				4.467,
				0,
				0,
				4.5,
				0
			]
		},
		{
			"Target": "Parameter",
			"Id": "ParamTear",
			"Segments": [
				0,
				0,
				1,
				0.367,
				0,
				0.733,
				0,
				1.1,
				0,
				1,
				2.222,
				0,
				3.344,
				0,
				4.467,
				0,
				0,
				4.5,
				0
			]
		},
		{
			"Target": "Parameter",
			"Id": "ParamEyeBallX",
			"Segments": [
				0,
				0,
				1,
				0.367,
				0,
				0.733,
				0,
				1.1,
				0,
				1,
				1.378,
				0,
				1.656,
				0.06,
				1.933,
				0.06,
				1,
				2.411,
				0.06,
				2.889,
				-0.58,
				3.367,
				-0.58,
				1,
				3.733,
				-0.58,
				4.1,
				-0.58,
				4.467,
				-0.58,
				0,
				4.5,
				-0.58
			]
		},
		{
			"Target": "Parameter",
			"Id": "ParamEyeBallY",
			"Segments": [
				0,
				0,
				1,
				0.367,
				0,
				0.733,
				0,
				1.1,
				0,
				1,
				1.378,
				0,
				1.656,
				-0.08,
				1.933,
				-0.08,
				1,
				2.411,
				-0.08,
				2.889,
				0.83,
				3.367,
				0.83,
				1,
				3.733,
				0.83,
				4.1,
				0.83,
				4.467,
				0.83,
				0,
				4.5,
				0.83
			]
		},
		{
			"Target": "Parameter",
			"Id": "ParamBrowLY",
			"Segments": [
				0,
				-0.37,
				1,
				0.7,
				-0.37,
				1.4,
				-0.37,
				2.1,
				-0.37,
				1,
				2.267,
				-0.37,
				2.433,
				-0.37,
				2.6,
				-0.37,
				1,
				3.222,
				-0.37,
				3.844,
				-0.37,
				4.467,
				-0.37,
				0,
				4.5,
				-0.37
			]
		},
		{
			"Target": "Parameter",
			"Id": "ParamBrowRY",
			"Segments": [
				0,
				-0.37,
				1,
				0.7,
				-0.37,
				1.4,
				-0.37,
				2.1,
				-0.37,
				1,
				2.267,
				-0.37,
				2.433,
				-0.37,
				2.6,
				-0.37,
				1,
				3.222,
				-0.37,
				3.844,
				-0.37,
				4.467,
				-0.37,
				0,
				4.5,
				-0.37
			]
		},
		{
			"Target": "Parameter",
			"Id": "ParamBrowLX",
			"Segments": [
				0,
				0,
				1,
				0.7,
				0,
				1.4,
				0,
				2.1,
				0,
				1,
				2.267,
				0,
				2.433,
				0,
				2.6,
				0,
				1,
				3.222,
				0,
				3.844,
				0,
				4.467,
				0,
				0,
				4.5,
				0
			]
		},
		{
			"Target": "Parameter",
			"Id": "ParamBrowRX",
			"Segments": [
				0,
				0,
				1,
				0.7,
				0,
				1.4,
				0,
				2.1,
				0,
				1,
				2.267,
				0,
				2.433,
				0,
				2.6,
				0,
				1,
				3.222,
				0,
				3.844,
				0,
				4.467,
				0,
				0,
				4.5,
				0
			]
		},
		{
			"Target": "Parameter",
			"Id": "ParamBrowLAngle",
			"Segments": [
				0,
				0.18,
				1,
				0.7,
				0.18,
				1.4,
				0.18,
				2.1,
				0.18,
				1,
				2.267,
				0.18,
				2.433,
				0.18,
				2.6,
				0.18,
				1,
				3.222,
				0.18,
				3.844,
				0.18,
				4.467,
				0.18,
				0,
				4.5,
				0.18
			]
		},
		{
			"Target": "Parameter",
			"Id": "ParamBrowRAngle",
			"Segments": [
				0,
				0.28,
				1,
				0.7,
				0.28,
				1.4,
				0.28,
				2.1,
				0.28,
				1,
				2.267,
				0.28,
				2.433,
				0.28,
				2.6,
				0.28,
				1,
				3.222,
				0.28,
				3.844,
				0.28,
				4.467,
				0.28,
				0,
				4.5,
				0.28
			]
		},
		{
			"Target": "Parameter",
			"Id": "ParamBrowLForm",
			"Segments": [
				0,
				0,
				1,
				0.7,
				0,
				1.4,
				0,
				2.1,
				0,
				1,
				2.267,
				0,
				2.433,
				-0.64,
				2.6,
				-0.64,
				1,
				3.222,
				-0.64,
				3.844,
				-0.64,
				4.467,
				-0.64,
				0,
				4.5,
				-0.64
			]
		},
		{
			"Target": "Parameter",
			"Id": "ParamBrowRForm",
			"Segments": [
				0,
				0,
				1,
				0.7,
				0,
				1.4,
				0,
				2.1,
				0,
				1,
				2.267,
				0,
				2.433,
				-0.51,
				2.6,
				-0.51,
				1,
				3.222,
				-0.51,
				3.844,
				-0.51,
				4.467,
				-0.51,
				0,
				4.5,
				-0.51
			]
		},
		{
			"Target": "Parameter",
			"Id": "ParamMouthForm",
			"Segments": [
				0,
				1,
				1,
				0.367,
				1,
				0.733,
				1,
				1.1,
				1,
				1,
				2.222,
				1,
				3.344,
				1,
				4.467,
				1,
				0,
				4.5,
				1
			]
		},
		{
			"Target": "Parameter",
			"Id": "ParamMouthOpenY",
			"Segments": [
				0,
				0,
				1,
				0.367,
				0,
				0.733,
				0,
				1.1,
				0,
				1,
				2.222,
				0,
				3.344,
				0,
				4.467,
				0,
				0,
				4.5,
				0
			]
		},
		{
			"Target": "Parameter",
			"Id": "ParamScarf",
			"Segments": [
				0,
				0,
				1,
				0.367,
				0,
				0.733,
				0,
				1.1,
				0,
				1,
				2.222,
				0,
				3.344,
				0,
				4.467,
				0,
				0,
				4.5,
				0
			]
		},
		{
			"Target": "Parameter",
			"Id": "ParamBodyAngleX",
			"Segments": [
				0,
				0,
				1,
				0.367,
				0,
				0.733,
				0,
				1.1,
				0,
				1,
				1.278,
				0,
				1.456,
				-6,
				1.633,
				-6,
				1,
				2.2,
				-6,
				2.767,
				10,
				3.333,
				10,
				1,
				3.711,
				10,
				4.089,
				10,
				4.467,
				10,
				0,
				4.5,
				10
			]
		},
		{
			"Target": "Parameter",
			"Id": "ParamBodyAngleY",
			"Segments": [
				0,
				0,
				1,
				0.367,
				0,
				0.733,
				0,
				1.1,
				0,
				1,
				1.311,
				0,
				1.522,
				3,
				1.733,
				3,
				1,
				2.211,
				3,
				2.689,
				-10,
				3.167,
				-10,
				1,
				3.6,
				-10,
				4.033,
				-10,
				4.467,
				-10,
				0,
				4.5,
				-10
			]
		},
		{
			"Target": "Parameter",
			"Id": "ParamBodyAngleZ",
			"Segments": [
				0,
				0,
				1,
				0.367,
				0,
				0.733,
				0,
				1.1,
				0,
				1,
				1.356,
				0,
				1.611,
				-1.366,
				1.867,
				-2,
				1,
				2.233,
				-2.91,
				2.6,
				-3,
				2.967,
				-3,
				1,
				3.467,
				-3,
				3.967,
				-3,
				4.467,
				-3,
				0,
				4.5,
				-3
			]
		},
		{
			"Target": "Parameter",
			"Id": "ParamBodyUpper",
			"Segments": [
				0,
				0,
				1,
				0.367,
				0,
				0.733,
				0,
				1.1,
				0,
				1,
				1.389,
				0,
				1.678,
				-4,
				1.967,
				-4,
				1,
				2.244,
				-4,
				2.522,
				7,
				2.8,
				7,
				1,
				3.356,
				7,
				3.911,
				7,
				4.467,
				7,
				0,
				4.5,
				7
			]
		},
		{
			"Target": "Parameter",
			"Id": "ParamBreath",
			"Segments": [
				0,
				0,
				1,
				0.367,
				0,
				0.733,
				0,
				1.1,
				0,
				1,
				2.222,
				0,
				3.344,
				0,
				4.467,
				0,
				0,
				4.5,
				0
			]
		},
		{
			"Target": "Parameter",
			"Id": "ParamBustY",
			"Segments": [
				0,
				0,
				1,
				0.367,
				0,
				0.733,
				0,
				1.1,
				0,
				1,
				2.222,
				0,
				3.344,
				0,
				4.467,
				0,
				0,
				4.5,
				0
			]
		},
		{
			"Target": "Parameter",
			"Id": "ParamArmLA",
			"Segments": [
				0,
				-1,
				1,
				0.367,
				-1,
				0.733,
				-1,
				1.1,
				-1,
				1,
				1.411,
				-1,
				1.722,
				-0.9,
				2.033,
				-0.9,
				1,
				2.522,
				-0.9,
				3.011,
				-1,
				3.5,
				-1,
				1,
				3.822,
				-1,
				4.144,
				-1,
				4.467,
				-1,
				0,
				4.5,
				-1
			]
		},
		{
			"Target": "Parameter",
			"Id": "ParamArmRA",
			"Segments": [
				0,
				-1,
				1,
				0.367,
				-1,
				0.733,
				-1,
				1.1,
				-1,
				1,
				1.411,
				-1,
				1.722,
				-0.91,
				2.033,
				-0.91,
				1,
				2.522,
				-0.91,
				3.011,
				-1,
				3.5,
				-1,
				1,
				3.822,
				-1,
				4.144,
				-1,
				4.467,
				-1,
				0,
				4.5,
				-1
			]
		},
		{
			"Target": "Parameter",
			"Id": "ParamArmLB",
			"Segments": [
				0,
				0,
				1,
				0.367,
				0,
				0.733,
				0,
				1.1,
				0,
				1,
				2.222,
				0,
				3.344,
				0,
				4.467,
				0,
				0,
				4.5,
				0
			]
		},
		{
			"Target": "Parameter",
			"Id": "ParamArmRB",
			"Segments": [
				0,
				0,
				1,
				0.367,
				0,
				0.733,
				0,
				1.1,
				0,
				1,
				2.222,
				0,
				3.344,
				0,
				4.467,
				0,
				0,
				4.5,
				0
			]
		},
		{
			"Target": "Parameter",
			"Id": "ParamHandChangeR",
			"Segments": [
				0,
				0,
				1,
				0.367,
				0,
				0.733,
				0,
				1.1,
				0,
				1,
				2.222,
				0,
				3.344,
				0,
				4.467,
				0,
				0,
				4.5,
				0
			]
		},
		{
			"Target": "Parameter",
			"Id": "ParamHandAngleR",
			"Segments": [
				0,
				0,
				1,
				0.367,
				0,
				0.733,
				0,
				1.1,
				0,
				1,
				2.222,
				0,
				3.344,
				0,
				4.467,
				0,
				0,
				4.5,
				0
			]
		},
		{
			"Target": "Parameter",
			"Id": "ParamHandDhangeL",
			"Segments": [
				0,
				0,
				1,
				0.367,
				0,
				0.733,
				0,
				1.1,
				0,
				1,
				2.222,
				0,
				3.344,
				0,
				4.467,
				0,
				0,
				4.5,
				0
			]
		},
		{
			"Target": "Parameter",
			"Id": "ParamHandAngleL",
			"Segments": [
				0,
				0,
				1,
				0.367,
				0,
				0.733,
				0,
				1.1,
				0,
				1,
				2.222,
				0,
				3.344,
				0,
				4.467,
				0,
				0,
				4.5,
				0
			]
		},
		{
			"Target": "Parameter",
			"Id": "ParamHairFront",
			"Segments": [
				0,
				0,
				1,
				0.367,
				0,
				0.733,
				0,
				1.1,
				0,
				1,
				2.222,
				0,
				3.344,
				0,
				4.467,
				0,
				0,
				4.5,
				0
			]
		},
		{
			"Target": "Parameter",
			"Id": "ParamHairSide",
			"Segments": [
				0,
				0,
				1,
				0.367,
				0,
				0.733,
				0,
				1.1,
				0,
				1,
				2.222,
				0,
				3.344,
				0,
				4.467,
				0,
				0,
				4.5,
				0
			]
		},
		{
			"Target": "Parameter",
			"Id": "ParamHairBack",
			"Segments": [
				0,
				0,
				1,
				0.367,
				0,
				0.733,
				0,
				1.1,
				0,
				1,
				2.222,
				0,
				3.344,
				0,
				4.467,
				0,
				0,
				4.5,
				0
			]
		},
		{
			"Target": "PartOpacity",
			"Id": "Part01Core",
			"Segments": [
				0,
				1,
				2,
				4.467,
				1,
				0,
				4.5,
				1
			]
		},
		{
			"Target": "PartOpacity",
			"Id": "Part01Hoho001",
			"Segments": [
				0,
				1,
				2,
				4.467,
				1,
				0,
				4.5,
				1
			]
		},
		{
			"Target": "PartOpacity",
			"Id": "Part01Brow001",
			"Segments": [
				0,
				1,
				2,
				4.467,
				1,
				0,
				4.5,
				1
			]
		},
		{
			"Target": "PartOpacity",
			"Id": "Part01Tear",
			"Segments": [
				0,
				1,
				2,
				4.467,
				1,
				0,
				4.5,
				1
			]
		},
		{
			"Target": "PartOpacity",
			"Id": "Part01EyeBall001",
			"Segments": [
				0,
				1,
				2,
				4.467,
				1,
				0,
				4.5,
				1
			]
		},
		{
			"Target": "PartOpacity",
			"Id": "Part01Eye001",
			"Segments": [
				0,
				1,
				2,
				4.467,
				1,
				0,
				4.5,
				1
			]
		},
		{
			"Target": "PartOpacity",
			"Id": "Part01Nose001",
			"Segments": [
				0,
				1,
				2,
				4.467,
				1,
				0,
				4.5,
				1
			]
		},
		{
			"Target": "PartOpacity",
			"Id": "Part01Mouth001",
			"Segments": [
				0,
				1,
				2,
				4.467,
				1,
				0,
				4.5,
				1
			]
		},
		{
			"Target": "PartOpacity",
			"Id": "Part01Face001",
			"Segments": [
				0,
				1,
				2,
				4.467,
				1,
				0,
				4.5,
				1
			]
		},
		{
			"Target": "PartOpacity",
			"Id": "Part01Ear001",
			"Segments": [
				0,
				1,
				2,
				4.467,
				1,
				0,
				4.5,
				1
			]
		},
		{
			"Target": "PartOpacity",
			"Id": "Part01Neck001",
			"Segments": [
				0,
				1,
				2,
				4.467,
				1,
				0,
				4.5,
				1
			]
		},
		{
			"Target": "PartOpacity",
			"Id": "Part01HairFront001",
			"Segments": [
				0,
				1,
				2,
				4.467,
				1,
				0,
				4.5,
				1
			]
		},
		{
			"Target": "PartOpacity",
			"Id": "Part01HairSide001",
			"Segments": [
				0,
				1,
				2,
				4.467,
				1,
				0,
				4.5,
				1
			]
		},
		{
			"Target": "PartOpacity",
			"Id": "Part01HairBack001",
			"Segments": [
				0,
				1,
				2,
				4.467,
				1,
				0,
				4.5,
				1
			]
		},
		{
			"Target": "PartOpacity",
			"Id": "Part01ArmRB001",
			"Segments": [
				0,
				0,
				2,
				4.467,
				0,
				0,
				4.5,
				0
			]
		},
		{
			"Target": "PartOpacity",
			"Id": "Part01ArmLB001",
			"Segments": [
				0,
				0,
				2,
				4.467,
				0,
				0,
				4.5,
				0
			]
		},
		{
			"Target": "PartOpacity",
			"Id": "Part01ArmRA001",
			"Segments": [
				0,
				1,
				2,
				4.467,
				1,
				0,
				4.5,
				1
			]
		},
		{
			"Target": "PartOpacity",
			"Id": "Part01ArmLA001",
			"Segments": [
				0,
				1,
				2,
				4.467,
				1,
				0,
				4.5,
				1
			]
		},
		{
			"Target": "PartOpacity",
			"Id": "Part01Body001",
			"Segments": [
				0,
				1,
				2,
				4.467,
				1,
				0,
				4.5,
				1
			]
		},
		{
			"Target": "PartOpacity",
			"Id": "Part01Sketch",
			"Segments": [
				0,
				0,
				2,
				4.467,
				0,
				0,
				4.5,
				0
			]
		}
	]
}