{
	"Version": 3,
	"Meta": {
		"Duration": 5.333,
		"Fps": 30.0,
		"Loop": true,
		"AreBeziersRestricted": true,
		"CurveCount": 65,
		"TotalSegmentCount": 169,
		"TotalPointCount": 402,
		"UserDataCount": 0,
		"TotalUserDataSize": 0,
    "FadeInTime": 0,
    "FadeOutTime": 0 
	},
	"Curves": [
		{
			"Target": "Model",
			"Id": "Opacity",
			"Segments": [
				0,
				1,
				1,
				1.767,
				1,
				3.533,
				1,
				5.3,
				1,
				0,
				5.333,
				1
			]
		},
		{
			"Target": "Model",
			"Id": "EyeBlink",
			"Segments": [
				0,
				1,
				0,
				5.333,
				1
			]
		},
		{
			"Target": "Model",
			"Id": "LipSync",
			"Segments": [
				0,
				0,
				0,
				5.333,
				0
			]
		},
		{
			"Target": "Parameter",
			"Id": "ParamAngleX",
			"Segments": [
				0,
				0,
				1,
				0.2,
				0,
				0.4,
				-3,
				0.6,
				-3,
				1,
				1.333,
				-3,
				2.067,
				-3,
				2.8,
				-3,
				1,
				3.056,
				-3,
				3.311,
				1,
				3.567,
				1,
				1,
				3.833,
				1,
				4.1,
				0,
				4.367,
				0,
				1,
				4.678,
				0,
				4.989,
				0,
				5.3,
				0,
				0,
				5.333,
				0
			]
		},
		{
			"Target": "Parameter",
			"Id": "ParamAngleY",
			"Segments": [
				0,
				0,
				1,
				0.2,
				0,
				0.4,
				-10,
				0.6,
				-10,
				1,
				1.333,
				-10,
				2.067,
				-10,
				2.8,
				-10,
				1,
				3.056,
				-10,
				3.311,
				11,
				3.567,
				11,
				1,
				3.833,
				11,
				4.1,
				0,
				4.367,
				0,
				1,
				4.678,
				0,
				4.989,
				0,
				5.3,
				0,
				0,
				5.333,
				0
			]
		},
		{
			"Target": "Parameter",
			"Id": "ParamAngleZ",
			"Segments": [
				0,
				0,
				1,
				0.211,
				0,
				0.422,
				-30,
				0.633,
				-30,
				1,
				0.689,
				-30,
				0.744,
				-30,
				0.8,
				-30,
				1,
				1.1,
				-30,
				1.4,
				30,
				1.7,
				30,
				1,
				1.744,
				30,
				1.789,
				30,
				1.833,
				30,
				1,
				2.167,
				30,
				2.5,
				-30,
				2.833,
				-30,
				1,
				2.878,
				-30,
				2.922,
				-30,
				2.967,
				-30,
				1,
				3.222,
				-30,
				3.478,
				0,
				3.733,
				0,
				1,
				4.256,
				0,
				4.778,
				0,
				5.3,
				0,
				0,
				5.333,
				0
			]
		},
		{
			"Target": "Parameter",
			"Id": "ParamTere",
			"Segments": [
				0,
				0,
				1,
				1.767,
				0,
				3.533,
				0,
				5.3,
				0,
				0,
				5.333,
				0
			]
		},
		{
			"Target": "Parameter",
			"Id": "ParamFaceForm",
			"Segments": [
				0,
				0,
				1,
				1.767,
				0,
				3.533,
				0,
				5.3,
				0,
				0,
				5.333,
				0
			]
		},
		{
			"Target": "Parameter",
			"Id": "ParamEyeLOpen",
			"Segments": [
				0,
				1,
				1,
				1.767,
				1,
				3.533,
				1,
				5.3,
				1,
				0,
				5.333,
				1
			]
		},
		{
			"Target": "Parameter",
			"Id": "ParamEyeLSmile",
			"Segments": [
				0,
				0,
				1,
				1.767,
				0,
				3.533,
				0,
				5.3,
				0,
				0,
				5.333,
				0
			]
		},
		{
			"Target": "Parameter",
			"Id": "ParamEyeROpen",
			"Segments": [
				0,
				1,
				1,
				1.767,
				1,
				3.533,
				1,
				5.3,
				1,
				0,
				5.333,
				1
			]
		},
		{
			"Target": "Parameter",
			"Id": "ParamEyeRSmile",
			"Segments": [
				0,
				0,
				1,
				1.767,
				0,
				3.533,
				0,
				5.3,
				0,
				0,
				5.333,
				0
			]
		},
		{
			"Target": "Parameter",
			"Id": "ParamEyeForm",
			"Segments": [
				0,
				0,
				1,
				1.767,
				0,
				3.533,
				0,
				5.3,
				0,
				0,
				5.333,
				0
			]
		},
		{
			"Target": "Parameter",
			"Id": "ParamEyeBallForm",
			"Segments": [
				0,
				0,
				1,
				1.767,
				0,
				3.533,
				0,
				5.3,
				0,
				0,
				5.333,
				0
			]
		},
		{
			"Target": "Parameter",
			"Id": "ParamTear",
			"Segments": [
				0,
				0,
				1,
				1.767,
				0,
				3.533,
				0,
				5.3,
				0,
				0,
				5.333,
				0
			]
		},
		{
			"Target": "Parameter",
			"Id": "ParamEyeBallX",
			"Segments": [
				0,
				0,
				1,
				0.2,
				0,
				0.4,
				0.03,
				0.6,
				0.03,
				1,
				0.989,
				0.03,
				1.378,
				0.03,
				1.767,
				0.03,
				1,
				2.144,
				0.03,
				2.522,
				0.03,
				2.9,
				0.03,
				1,
				3.1,
				0.03,
				3.3,
				-0.1,
				3.5,
				-0.1,
				1,
				3.767,
				-0.1,
				4.033,
				0,
				4.3,
				0,
				1,
				4.633,
				0,
				4.967,
				0,
				5.3,
				0,
				0,
				5.333,
				0
			]
		},
		{
			"Target": "Parameter",
			"Id": "ParamEyeBallY",
			"Segments": [
				0,
				0,
				1,
				0.2,
				0,
				0.4,
				0.67,
				0.6,
				0.67,
				1,
				0.989,
				0.67,
				1.378,
				0.67,
				1.767,
				0.67,
				1,
				2.144,
				0.67,
				2.522,
				0.67,
				2.9,
				0.67,
				1,
				3.1,
				0.67,
				3.3,
				-0.21,
				3.5,
				-0.21,
				1,
				3.767,
				-0.21,
				4.033,
				0,
				4.3,
				0,
				1,
				4.633,
				0,
				4.967,
				0,
				5.3,
				0,
				0,
				5.333,
				0
			]
		},
		{
			"Target": "Parameter",
			"Id": "ParamBrowLY",
			"Segments": [
				0,
				0,
				1,
				1.767,
				0,
				3.533,
				0,
				5.3,
				0,
				0,
				5.333,
				0
			]
		},
		{
			"Target": "Parameter",
			"Id": "ParamBrowRY",
			"Segments": [
				0,
				0,
				1,
				1.767,
				0,
				3.533,
				0,
				5.3,
				0,
				0,
				5.333,
				0
			]
		},
		{
			"Target": "Parameter",
			"Id": "ParamBrowLX",
			"Segments": [
				0,
				0,
				1,
				1.767,
				0,
				3.533,
				0,
				5.3,
				0,
				0,
				5.333,
				0
			]
		},
		{
			"Target": "Parameter",
			"Id": "ParamBrowRX",
			"Segments": [
				0,
				0,
				1,
				1.767,
				0,
				3.533,
				0,
				5.3,
				0,
				0,
				5.333,
				0
			]
		},
		{
			"Target": "Parameter",
			"Id": "ParamBrowLAngle",
			"Segments": [
				0,
				0,
				1,
				1.767,
				0,
				3.533,
				0,
				5.3,
				0,
				0,
				5.333,
				0
			]
		},
		{
			"Target": "Parameter",
			"Id": "ParamBrowRAngle",
			"Segments": [
				0,
				0,
				1,
				1.767,
				0,
				3.533,
				0,
				5.3,
				0,
				0,
				5.333,
				0
			]
		},
		{
			"Target": "Parameter",
			"Id": "ParamBrowLForm",
			"Segments": [
				0,
				0,
				1,
				1.767,
				0,
				3.533,
				0,
				5.3,
				0,
				0,
				5.333,
				0
			]
		},
		{
			"Target": "Parameter",
			"Id": "ParamBrowRForm",
			"Segments": [
				0,
				0,
				1,
				1.767,
				0,
				3.533,
				0,
				5.3,
				0,
				0,
				5.333,
				0
			]
		},
		{
			"Target": "Parameter",
			"Id": "ParamMouthForm",
			"Segments": [
				0,
				1,
				1,
				1.767,
				1,
				3.533,
				1,
				5.3,
				1,
				0,
				5.333,
				1
			]
		},
		{
			"Target": "Parameter",
			"Id": "ParamMouthOpenY",
			"Segments": [
				0,
				0,
				1,
				1.767,
				0,
				3.533,
				0,
				5.3,
				0,
				0,
				5.333,
				0
			]
		},
		{
			"Target": "Parameter",
			"Id": "ParamScarf",
			"Segments": [
				0,
				0,
				1,
				1.767,
				0,
				3.533,
				0,
				5.3,
				0,
				0,
				5.333,
				0
			]
		},
		{
			"Target": "Parameter",
			"Id": "ParamBodyAngleX",
			"Segments": [
				0,
				0,
				1,
				0.322,
				0,
				0.644,
				6,
				0.967,
				6,
				1,
				1.322,
				6,
				1.678,
				-2,
				2.033,
				-2,
				1,
				2.344,
				-2,
				2.656,
				0,
				2.967,
				0,
				1,
				3.178,
				0,
				3.389,
				-3,
				3.6,
				-3,
				1,
				3.833,
				-3,
				4.067,
				0,
				4.3,
				0,
				1,
				4.633,
				0,
				4.967,
				0,
				5.3,
				0,
				0,
				5.333,
				0
			]
		},
		{
			"Target": "Parameter",
			"Id": "ParamBodyAngleY",
			"Segments": [
				0,
				0,
				1,
				0.967,
				0,
				1.933,
				0,
				2.9,
				0,
				1,
				3.111,
				0,
				3.322,
				2,
				3.533,
				2,
				1,
				3.767,
				2,
				4,
				0,
				4.233,
				0,
				1,
				4.589,
				0,
				4.944,
				0,
				5.3,
				0,
				0,
				5.333,
				0
			]
		},
		{
			"Target": "Parameter",
			"Id": "ParamBodyAngleZ",
			"Segments": [
				0,
				0,
				1,
				1.767,
				0,
				3.533,
				0,
				5.3,
				0,
				0,
				5.333,
				0
			]
		},
		{
			"Target": "Parameter",
			"Id": "ParamBodyUpper",
			"Segments": [
				0,
				0,
				1,
				1.767,
				0,
				3.533,
				0,
				5.3,
				0,
				0,
				5.333,
				0
			]
		},
		{
			"Target": "Parameter",
			"Id": "ParamBreath",
			"Segments": [
				0,
				0,
				1,
				1.767,
				0,
				3.533,
				0,
				5.3,
				0,
				0,
				5.333,
				0
			]
		},
		{
			"Target": "Parameter",
			"Id": "ParamBustY",
			"Segments": [
				0,
				0,
				1,
				1.767,
				0,
				3.533,
				0,
				5.3,
				0,
				0,
				5.333,
				0
			]
		},
		{
			"Target": "Parameter",
			"Id": "ParamArmLA",
			"Segments": [
				0,
				0.5,
				1,
				0.156,
				0.5,
				0.311,
				0.75,
				0.467,
				0.76,
				1,
				1.978,
				0.855,
				3.489,
				0.89,
				5,
				0.89,
				1,
				5.1,
				0.89,
				5.2,
				0.5,
				5.3,
				0.5,
				0,
				5.333,
				0.5
			]
		},
		{
			"Target": "Parameter",
			"Id": "ParamArmRA",
			"Segments": [
				0,
				0.5,
				1,
				0.156,
				0.5,
				0.311,
				0.746,
				0.467,
				0.76,
				1,
				1.978,
				0.899,
				3.489,
				0.95,
				5,
				0.95,
				1,
				5.1,
				0.95,
				5.2,
				0.5,
				5.3,
				0.5,
				0,
				5.333,
				0.5
			]
		},
		{
			"Target": "Parameter",
			"Id": "ParamArmLB",
			"Segments": [
				0,
				0,
				1,
				1.767,
				0,
				3.533,
				0,
				5.3,
				0,
				0,
				5.333,
				0
			]
		},
		{
			"Target": "Parameter",
			"Id": "ParamArmRB",
			"Segments": [
				0,
				0,
				1,
				1.767,
				0,
				3.533,
				0,
				5.3,
				0,
				0,
				5.333,
				0
			]
		},
		{
			"Target": "Parameter",
			"Id": "ParamHandChangeR",
			"Segments": [
				0,
				0,
				1,
				1.767,
				0,
				3.533,
				0,
				5.3,
				0,
				0,
				5.333,
				0
			]
		},
		{
			"Target": "Parameter",
			"Id": "ParamHandAngleR",
			"Segments": [
				0,
				0.24,
				1,
				0.356,
				0.24,
				0.711,
				0,
				1.067,
				0,
				1,
				1.389,
				0,
				1.711,
				0.24,
				2.033,
				0.24,
				1,
				3.122,
				0.24,
				4.211,
				0.24,
				5.3,
				0.24,
				0,
				5.333,
				0.24
			]
		},
		{
			"Target": "Parameter",
			"Id": "ParamHandDhangeL",
			"Segments": [
				0,
				0,
				1,
				1.767,
				0,
				3.533,
				0,
				5.3,
				0,
				0,
				5.333,
				0
			]
		},
		{
			"Target": "Parameter",
			"Id": "ParamHandAngleL",
			"Segments": [
				0,
				-0.24,
				1,
				0.356,
				-0.24,
				0.711,
				0,
				1.067,
				0,
				1,
				1.389,
				0,
				1.711,
				-0.24,
				2.033,
				-0.24,
				1,
				3.122,
				-0.24,
				4.211,
				-0.24,
				5.3,
				-0.24,
				0,
				5.333,
				-0.24
			]
		},
		{
			"Target": "Parameter",
			"Id": "ParamHairFront",
			"Segments": [
				0,
				0,
				1,
				1.767,
				0,
				3.533,
				0,
				5.3,
				0,
				0,
				5.333,
				0
			]
		},
		{
			"Target": "Parameter",
			"Id": "ParamHairSide",
			"Segments": [
				0,
				0,
				1,
				1.767,
				0,
				3.533,
				0,
				5.3,
				0,
				0,
				5.333,
				0
			]
		},
		{
			"Target": "Parameter",
			"Id": "ParamHairBack",
			"Segments": [
				0,
				0,
				1,
				1.767,
				0,
				3.533,
				0,
				5.3,
				0,
				0,
				5.333,
				0
			]
		},
		{
			"Target": "PartOpacity",
			"Id": "Part01Core",
			"Segments": [
				0,
				1,
				2,
				5.3,
				1,
				0,
				5.333,
				1
			]
		},
		{
			"Target": "PartOpacity",
			"Id": "Part01Hoho001",
			"Segments": [
				0,
				1,
				2,
				5.3,
				1,
				0,
				5.333,
				1
			]
		},
		{
			"Target": "PartOpacity",
			"Id": "Part01Brow001",
			"Segments": [
				0,
				1,
				2,
				5.3,
				1,
				0,
				5.333,
				1
			]
		},
		{
			"Target": "PartOpacity",
			"Id": "Part01Tear",
			"Segments": [
				0,
				1,
				2,
				5.3,
				1,
				0,
				5.333,
				1
			]
		},
		{
			"Target": "PartOpacity",
			"Id": "Part01EyeBall001",
			"Segments": [
				0,
				1,
				2,
				5.3,
				1,
				0,
				5.333,
				1
			]
		},
		{
			"Target": "PartOpacity",
			"Id": "Part01Eye001",
			"Segments": [
				0,
				1,
				2,
				5.3,
				1,
				0,
				5.333,
				1
			]
		},
		{
			"Target": "PartOpacity",
			"Id": "Part01Nose001",
			"Segments": [
				0,
				1,
				2,
				5.3,
				1,
				0,
				5.333,
				1
			]
		},
		{
			"Target": "PartOpacity",
			"Id": "Part01Mouth001",
			"Segments": [
				0,
				1,
				2,
				5.3,
				1,
				0,
				5.333,
				1
			]
		},
		{
			"Target": "PartOpacity",
			"Id": "Part01Face001",
			"Segments": [
				0,
				1,
				2,
				5.3,
				1,
				0,
				5.333,
				1
			]
		},
		{
			"Target": "PartOpacity",
			"Id": "Part01Ear001",
			"Segments": [
				0,
				1,
				2,
				5.3,
				1,
				0,
				5.333,
				1
			]
		},
		{
			"Target": "PartOpacity",
			"Id": "Part01Neck001",
			"Segments": [
				0,
				1,
				2,
				5.3,
				1,
				0,
				5.333,
				1
			]
		},
		{
			"Target": "PartOpacity",
			"Id": "Part01HairFront001",
			"Segments": [
				0,
				1,
				2,
				5.3,
				1,
				0,
				5.333,
				1
			]
		},
		{
			"Target": "PartOpacity",
			"Id": "Part01HairSide001",
			"Segments": [
				0,
				1,
				2,
				5.3,
				1,
				0,
				5.333,
				1
			]
		},
		{
			"Target": "PartOpacity",
			"Id": "Part01HairBack001",
			"Segments": [
				0,
				1,
				2,
				5.3,
				1,
				0,
				5.333,
				1
			]
		},
		{
			"Target": "PartOpacity",
			"Id": "Part01ArmRB001",
			"Segments": [
				0,
				1,
				2,
				5.3,
				1,
				0,
				5.333,
				1
			]
		},
		{
			"Target": "PartOpacity",
			"Id": "Part01ArmLB001",
			"Segments": [
				0,
				1,
				2,
				5.3,
				1,
				0,
				5.333,
				1
			]
		},
		{
			"Target": "PartOpacity",
			"Id": "Part01ArmRA001",
			"Segments": [
				0,
				0,
				2,
				5.3,
				0,
				0,
				5.333,
				0
			]
		},
		{
			"Target": "PartOpacity",
			"Id": "Part01ArmLA001",
			"Segments": [
				0,
				0,
				2,
				5.3,
				0,
				0,
				5.333,
				0
			]
		},
		{
			"Target": "PartOpacity",
			"Id": "Part01Body001",
			"Segments": [
				0,
				1,
				2,
				5.3,
				1,
				0,
				5.333,
				1
			]
		},
		{
			"Target": "PartOpacity",
			"Id": "Part01Sketch",
			"Segments": [
				0,
				0,
				2,
				5.3,
				0,
				0,
				5.333,
				0
			]
		}
	]
}