{
	"Version": 3,
	"FileReferences": {
		"Moc": "Haru.moc3",
		"Textures": [
			"Haru.2048/texture_00.png",
			"Haru.2048/texture_01.png"
		],
		"Pose": "Haru.pose3.json",
		"Expressions": [
			{"Name":"normal","File":"expressions/F01.exp3.json"},
			{"Name":"very_happy","File":"expressions/F02.exp3.json"},
			{"Name":"disappointed","File":"expressions/F03.exp3.json"},
			{"Name":"sad_1","File":"expressions/F04.exp3.json"},
			{"Name":"happy","File":"expressions/F05.exp3.json"},
			{"Name":"surprised","File":"expressions/F06.exp3.json"},
			{"Name":"shy","File":"expressions/F07.exp3.json"},
			{"Name":"sad_2","File":"expressions/F08.exp3.json"}
		],
		"Motions": {
			"Idle": [
				{"File":"motions/haru_g_idle.motion3.json" ,"FadeInTime":0.5, "FadeOutTime":0.5},
				{"File":"motions/haru_g_m15.motion3.json" ,"FadeInTime":0.5, "FadeOutTime":0.5}
			],
			"TapBody": [
				{"File":"motions/haru_g_m06.motion3.json" ,"FadeInTime":0.5, "FadeOutTime":0.5
				,"Sound": "sounds/haru_normal_01.wav"},
				{"File":"motions/haru_g_m09.motion3.json" ,"FadeInTime":0.5, "FadeOutTime":0.5
				,"Sound": "sounds/haru_normal_02.wav"},
				{"File":"motions/haru_g_m20.motion3.json" ,"FadeInTime":0.5, "FadeOutTime":0.5
				,"Sound": "sounds/haru_normal_03.wav"},
				{"File":"motions/haru_g_m26.motion3.json" ,"FadeInTime":0.5, "FadeOutTime":0.5
				,"Sound": "sounds/haru_normal_04.wav"}
			]
		},
		"UserData": "Haru.userdata3.json"
	},
	"Groups": [
		{
			"Target": "Parameter",
			"Name": "LipSync",
			"Ids": [
				"ParamMouthOpenY"
			]
		},
		{
			"Target": "Parameter",
			"Name": "EyeBlink",
			"Ids": [
				"ParamEyeLOpen",
				"ParamEyeROpen"
			]
		}
	],
	"HitAreas": [
		{"Name":"Head", "Id":"HitArea"},
		{"Name":"Body", "Id":"HitArea2"}
	]
}
