{
	"Version": 3,
	"Meta": {
		"Duration": 4.533,
		"Fps": 30.0,
		"Loop": true,
		"AreBeziersRestricted": true,
		"CurveCount": 65,
		"TotalSegmentCount": 195,
		"TotalPointCount": 480,
		"UserDataCount": 0,
		"TotalUserDataSize": 0
	},
	"Curves": [
		{
			"Target": "Model",
			"Id": "Opacity",
			"Segments": [
				0,
				1,
				1,
				1.5,
				1,
				3,
				1,
				4.5,
				1,
				0,
				4.533,
				1
			]
		},
		{
			"Target": "Model",
			"Id": "EyeBlink",
			"Segments": [
				0,
				1,
				0,
				4.533,
				1
			]
		},
		{
			"Target": "Model",
			"Id": "LipSync",
			"Segments": [
				0,
				0,
				0,
				4.533,
				0
			]
		},
		{
			"Target": "Parameter",
			"Id": "ParamAngleX",
			"Segments": [
				0,
				0,
				1,
				0.467,
				0,
				0.933,
				-14,
				1.4,
				-14,
				1,
				1.567,
				-14,
				1.733,
				-14,
				1.9,
				-14,
				1,
				2.367,
				-14,
				2.833,
				0,
				3.3,
				0,
				1,
				3.7,
				0,
				4.1,
				0,
				4.5,
				0,
				0,
				4.533,
				0
			]
		},
		{
			"Target": "Parameter",
			"Id": "ParamAngleY",
			"Segments": [
				0,
				0,
				1,
				0.244,
				0,
				0.489,
				0,
				0.733,
				0,
				1,
				0.9,
				0,
				1.067,
				-13,
				1.233,
				-13,
				1,
				1.422,
				-13,
				1.611,
				5,
				1.8,
				5,
				1,
				2.267,
				5,
				2.733,
				0,
				3.2,
				0,
				1,
				3.633,
				0,
				4.067,
				0,
				4.5,
				0,
				0,
				4.533,
				0
			]
		},
		{
			"Target": "Parameter",
			"Id": "ParamAngleZ",
			"Segments": [
				0,
				0,
				1,
				0.367,
				0,
				0.733,
				-18,
				1.1,
				-18,
				1,
				1.4,
				-18,
				1.7,
				-18,
				2,
				-18,
				1,
				2.3,
				-18,
				2.6,
				18,
				2.9,
				18,
				1,
				3.133,
				18,
				3.367,
				-30,
				3.6,
				-30,
				1,
				3.9,
				-30,
				4.2,
				-21,
				4.5,
				-21,
				0,
				4.533,
				-21
			]
		},
		{
			"Target": "Parameter",
			"Id": "ParamTere",
			"Segments": [
				0,
				0,
				1,
				1.5,
				0,
				3,
				0,
				4.5,
				0,
				0,
				4.533,
				0
			]
		},
		{
			"Target": "Parameter",
			"Id": "ParamFaceForm",
			"Segments": [
				0,
				0,
				1,
				1.311,
				0,
				2.622,
				0,
				3.933,
				0,
				1,
				4.122,
				0,
				4.311,
				0,
				4.5,
				0,
				0,
				4.533,
				0
			]
		},
		{
			"Target": "Parameter",
			"Id": "ParamEyeLOpen",
			"Segments": [
				0,
				1,
				1,
				0.344,
				1,
				0.689,
				1,
				1.033,
				1,
				1,
				1.078,
				1,
				1.122,
				0,
				1.167,
				0,
				1,
				1.222,
				0,
				1.278,
				0,
				1.333,
				0,
				1,
				1.411,
				0,
				1.489,
				1,
				1.567,
				1,
				1,
				2.544,
				1,
				3.522,
				1,
				4.5,
				1,
				0,
				4.533,
				1
			]
		},
		{
			"Target": "Parameter",
			"Id": "ParamEyeLSmile",
			"Segments": [
				0,
				0,
				1,
				1.5,
				0,
				3,
				0,
				4.5,
				0,
				0,
				4.533,
				0
			]
		},
		{
			"Target": "Parameter",
			"Id": "ParamEyeROpen",
			"Segments": [
				0,
				1,
				1,
				0.344,
				1,
				0.689,
				1,
				1.033,
				1,
				1,
				1.078,
				1,
				1.122,
				0,
				1.167,
				0,
				1,
				1.222,
				0,
				1.278,
				0,
				1.333,
				0,
				1,
				1.411,
				0,
				1.489,
				1,
				1.567,
				1,
				1,
				2.544,
				1,
				3.522,
				1,
				4.5,
				1,
				0,
				4.533,
				1
			]
		},
		{
			"Target": "Parameter",
			"Id": "ParamEyeRSmile",
			"Segments": [
				0,
				0,
				1,
				1.5,
				0,
				3,
				0,
				4.5,
				0,
				0,
				4.533,
				0
			]
		},
		{
			"Target": "Parameter",
			"Id": "ParamEyeForm",
			"Segments": [
				0,
				0,
				1,
				1.5,
				0,
				3,
				0,
				4.5,
				0,
				0,
				4.533,
				0
			]
		},
		{
			"Target": "Parameter",
			"Id": "ParamEyeBallForm",
			"Segments": [
				0,
				0,
				1,
				1.5,
				0,
				3,
				0,
				4.5,
				0,
				0,
				4.533,
				0
			]
		},
		{
			"Target": "Parameter",
			"Id": "ParamTear",
			"Segments": [
				0,
				0,
				1,
				1.5,
				0,
				3,
				0,
				4.5,
				0,
				0,
				4.533,
				0
			]
		},
		{
			"Target": "Parameter",
			"Id": "ParamEyeBallX",
			"Segments": [
				0,
				0,
				1,
				0.3,
				0,
				0.6,
				0.29,
				0.9,
				0.29,
				1,
				0.989,
				0.29,
				1.078,
				0.29,
				1.167,
				0.29,
				1,
				1.2,
				0.29,
				1.233,
				-0.39,
				1.267,
				-0.39,
				1,
				1.378,
				-0.39,
				1.489,
				-0.39,
				1.6,
				-0.39,
				1,
				2,
				-0.39,
				2.4,
				0,
				2.8,
				0,
				1,
				3.367,
				0,
				3.933,
				0,
				4.5,
				0,
				0,
				4.533,
				0
			]
		},
		{
			"Target": "Parameter",
			"Id": "ParamEyeBallY",
			"Segments": [
				0,
				0,
				1,
				0.3,
				0,
				0.6,
				0.5,
				0.9,
				0.5,
				1,
				0.989,
				0.5,
				1.078,
				0.5,
				1.167,
				0.5,
				1,
				1.2,
				0.5,
				1.233,
				0.33,
				1.267,
				0.33,
				1,
				1.378,
				0.33,
				1.489,
				0.33,
				1.6,
				0.33,
				1,
				2,
				0.33,
				2.4,
				0,
				2.8,
				0,
				1,
				3.367,
				0,
				3.933,
				0,
				4.5,
				0,
				0,
				4.533,
				0
			]
		},
		{
			"Target": "Parameter",
			"Id": "ParamBrowLY",
			"Segments": [
				0,
				0,
				1,
				1.5,
				0,
				3,
				0,
				4.5,
				0,
				0,
				4.533,
				0
			]
		},
		{
			"Target": "Parameter",
			"Id": "ParamBrowRY",
			"Segments": [
				0,
				0,
				1,
				1.5,
				0,
				3,
				0,
				4.5,
				0,
				0,
				4.533,
				0
			]
		},
		{
			"Target": "Parameter",
			"Id": "ParamBrowLX",
			"Segments": [
				0,
				0,
				1,
				1.5,
				0,
				3,
				0,
				4.5,
				0,
				0,
				4.533,
				0
			]
		},
		{
			"Target": "Parameter",
			"Id": "ParamBrowRX",
			"Segments": [
				0,
				0,
				1,
				1.5,
				0,
				3,
				0,
				4.5,
				0,
				0,
				4.533,
				0
			]
		},
		{
			"Target": "Parameter",
			"Id": "ParamBrowLAngle",
			"Segments": [
				0,
				0,
				1,
				1.5,
				0,
				3,
				0,
				4.5,
				0,
				0,
				4.533,
				0
			]
		},
		{
			"Target": "Parameter",
			"Id": "ParamBrowRAngle",
			"Segments": [
				0,
				0,
				1,
				1.5,
				0,
				3,
				0,
				4.5,
				0,
				0,
				4.533,
				0
			]
		},
		{
			"Target": "Parameter",
			"Id": "ParamBrowLForm",
			"Segments": [
				0,
				0,
				1,
				1.5,
				0,
				3,
				0,
				4.5,
				0,
				0,
				4.533,
				0
			]
		},
		{
			"Target": "Parameter",
			"Id": "ParamBrowRForm",
			"Segments": [
				0,
				0,
				1,
				1.5,
				0,
				3,
				0,
				4.5,
				0,
				0,
				4.533,
				0
			]
		},
		{
			"Target": "Parameter",
			"Id": "ParamMouthForm",
			"Segments": [
				0,
				1,
				1,
				1.5,
				1,
				3,
				1,
				4.5,
				1,
				0,
				4.533,
				1
			]
		},
		{
			"Target": "Parameter",
			"Id": "ParamMouthOpenY",
			"Segments": [
				0,
				0,
				1,
				1.5,
				0,
				3,
				0,
				4.5,
				0,
				0,
				4.533,
				0
			]
		},
		{
			"Target": "Parameter",
			"Id": "ParamScarf",
			"Segments": [
				0,
				0,
				1,
				1.5,
				0,
				3,
				0,
				4.5,
				0,
				0,
				4.533,
				0
			]
		},
		{
			"Target": "Parameter",
			"Id": "ParamBodyAngleX",
			"Segments": [
				0,
				0,
				1,
				0.533,
				0,
				1.067,
				7,
				1.6,
				7,
				1,
				2.056,
				7,
				2.511,
				-7,
				2.967,
				-7,
				1,
				3.478,
				-7,
				3.989,
				0,
				4.5,
				0,
				0,
				4.533,
				0
			]
		},
		{
			"Target": "Parameter",
			"Id": "ParamBodyAngleY",
			"Segments": [
				0,
				0,
				1,
				1.5,
				0,
				3,
				0,
				4.5,
				0,
				0,
				4.533,
				0
			]
		},
		{
			"Target": "Parameter",
			"Id": "ParamBodyAngleZ",
			"Segments": [
				0,
				0,
				1,
				0.578,
				0,
				1.156,
				-7,
				1.733,
				-7,
				1,
				2.1,
				-7,
				2.467,
				7,
				2.833,
				7,
				1,
				3.389,
				7,
				3.944,
				0,
				4.5,
				0,
				0,
				4.533,
				0
			]
		},
		{
			"Target": "Parameter",
			"Id": "ParamBodyUpper",
			"Segments": [
				0,
				0,
				1,
				1.5,
				0,
				3,
				0,
				4.5,
				0,
				0,
				4.533,
				0
			]
		},
		{
			"Target": "Parameter",
			"Id": "ParamBreath",
			"Segments": [
				0,
				0,
				1,
				1.5,
				0,
				3,
				0,
				4.5,
				0,
				0,
				4.533,
				0
			]
		},
		{
			"Target": "Parameter",
			"Id": "ParamBustY",
			"Segments": [
				0,
				0,
				1,
				1.5,
				0,
				3,
				0,
				4.5,
				0,
				0,
				4.533,
				0
			]
		},
		{
			"Target": "Parameter",
			"Id": "ParamArmLA",
			"Segments": [
				0,
				0.5,
				1,
				0.156,
				0.5,
				0.311,
				0.746,
				0.467,
				0.76,
				1,
				1.556,
				0.858,
				2.644,
				0.89,
				3.733,
				0.89,
				1,
				3.8,
				0.89,
				3.867,
				0.637,
				3.933,
				0.5,
				1,
				4.122,
				0.111,
				4.311,
				0,
				4.5,
				0,
				0,
				4.533,
				0
			]
		},
		{
			"Target": "Parameter",
			"Id": "ParamArmRA",
			"Segments": [
				0,
				0.5,
				1,
				0.156,
				0.5,
				0.311,
				0.74,
				0.467,
				0.76,
				1,
				1.556,
				0.903,
				2.644,
				0.95,
				3.733,
				0.95,
				1,
				3.8,
				0.95,
				3.867,
				0.64,
				3.933,
				0.5,
				1,
				4.122,
				0.104,
				4.311,
				0,
				4.5,
				0,
				0,
				4.533,
				0
			]
		},
		{
			"Target": "Parameter",
			"Id": "ParamArmLB",
			"Segments": [
				0,
				3.5,
				1,
				0.133,
				3.5,
				0.267,
				3.2,
				0.4,
				3.2,
				1,
				0.733,
				3.2,
				1.067,
				4.098,
				1.4,
				4.8,
				1,
				1.522,
				5.057,
				1.644,
				5,
				1.767,
				5,
				1,
				2.278,
				5,
				2.789,
				4.1,
				3.3,
				4.1,
				1,
				3.433,
				4.1,
				3.567,
				4.3,
				3.7,
				4.3,
				1,
				3.967,
				4.3,
				4.233,
				4.3,
				4.5,
				4.3,
				0,
				4.533,
				4.3
			]
		},
		{
			"Target": "Parameter",
			"Id": "ParamArmRB",
			"Segments": [
				0,
				2.5,
				1,
				0.133,
				2.5,
				0.267,
				2.3,
				0.4,
				2.3,
				1,
				0.567,
				2.3,
				0.733,
				2.48,
				0.9,
				2.9,
				1,
				1.156,
				3.545,
				1.411,
				3.9,
				1.667,
				3.9,
				1,
				1.933,
				3.9,
				2.2,
				3.807,
				2.467,
				3.5,
				1,
				2.767,
				3.154,
				3.067,
				2.9,
				3.367,
				2.9,
				1,
				3.489,
				2.9,
				3.611,
				3,
				3.733,
				3,
				1,
				3.989,
				3,
				4.244,
				3,
				4.5,
				3,
				0,
				4.533,
				3
			]
		},
		{
			"Target": "Parameter",
			"Id": "ParamHandChangeR",
			"Segments": [
				0,
				0,
				1,
				0.3,
				0,
				0.6,
				0,
				0.9,
				0,
				1,
				0.978,
				0,
				1.056,
				0.5,
				1.133,
				0.5,
				1,
				2.256,
				0.5,
				3.378,
				0.5,
				4.5,
				0.5,
				0,
				4.533,
				0.5
			]
		},
		{
			"Target": "Parameter",
			"Id": "ParamHandAngleR",
			"Segments": [
				0,
				0,
				1,
				0.167,
				0,
				0.333,
				0.8,
				0.5,
				0.8,
				1,
				0.956,
				0.8,
				1.411,
				-1,
				1.867,
				-1,
				1,
				2.111,
				-1,
				2.356,
				-1,
				2.6,
				-1,
				1,
				2.8,
				-1,
				3,
				-0.52,
				3.2,
				-0.52,
				1,
				3.411,
				-0.52,
				3.622,
				-1,
				3.833,
				-1,
				1,
				4.056,
				-1,
				4.278,
				-1,
				4.5,
				-1,
				0,
				4.533,
				-1
			]
		},
		{
			"Target": "Parameter",
			"Id": "ParamHandDhangeL",
			"Segments": [
				0,
				0.5,
				1,
				1.5,
				0.5,
				3,
				0.5,
				4.5,
				0.5,
				0,
				4.533,
				0.5
			]
		},
		{
			"Target": "Parameter",
			"Id": "ParamHandAngleL",
			"Segments": [
				0,
				0,
				1,
				0.089,
				0,
				0.178,
				0.41,
				0.267,
				0.41,
				1,
				0.344,
				0.41,
				0.422,
				-0.174,
				0.5,
				-0.33,
				1,
				0.656,
				-0.643,
				0.811,
				-0.68,
				0.967,
				-0.68,
				1,
				1.222,
				-0.68,
				1.478,
				0.36,
				1.733,
				0.36,
				1,
				1.933,
				0.36,
				2.133,
				0.36,
				2.333,
				0.36,
				1,
				2.422,
				0.36,
				2.511,
				-0.26,
				2.6,
				-0.26,
				1,
				2.767,
				-0.26,
				2.933,
				-0.26,
				3.1,
				-0.26,
				1,
				3.233,
				-0.26,
				3.367,
				-0.46,
				3.5,
				-0.46,
				1,
				3.633,
				-0.46,
				3.767,
				-0.31,
				3.9,
				-0.31,
				1,
				4.1,
				-0.31,
				4.3,
				-0.31,
				4.5,
				-0.31,
				0,
				4.533,
				-0.31
			]
		},
		{
			"Target": "Parameter",
			"Id": "ParamHairFront",
			"Segments": [
				0,
				0,
				1,
				1.5,
				0,
				3,
				0,
				4.5,
				0,
				0,
				4.533,
				0
			]
		},
		{
			"Target": "Parameter",
			"Id": "ParamHairSide",
			"Segments": [
				0,
				0,
				1,
				1.5,
				0,
				3,
				0,
				4.5,
				0,
				0,
				4.533,
				0
			]
		},
		{
			"Target": "Parameter",
			"Id": "ParamHairBack",
			"Segments": [
				0,
				0,
				1,
				1.5,
				0,
				3,
				0,
				4.5,
				0,
				0,
				4.533,
				0
			]
		},
		{
			"Target": "PartOpacity",
			"Id": "Part01Core",
			"Segments": [
				0,
				1,
				2,
				4.5,
				1,
				0,
				4.533,
				1
			]
		},
		{
			"Target": "PartOpacity",
			"Id": "Part01Hoho001",
			"Segments": [
				0,
				1,
				2,
				4.5,
				1,
				0,
				4.533,
				1
			]
		},
		{
			"Target": "PartOpacity",
			"Id": "Part01Brow001",
			"Segments": [
				0,
				1,
				2,
				4.5,
				1,
				0,
				4.533,
				1
			]
		},
		{
			"Target": "PartOpacity",
			"Id": "Part01Tear",
			"Segments": [
				0,
				1,
				2,
				4.5,
				1,
				0,
				4.533,
				1
			]
		},
		{
			"Target": "PartOpacity",
			"Id": "Part01EyeBall001",
			"Segments": [
				0,
				1,
				2,
				4.5,
				1,
				0,
				4.533,
				1
			]
		},
		{
			"Target": "PartOpacity",
			"Id": "Part01Eye001",
			"Segments": [
				0,
				1,
				2,
				4.5,
				1,
				0,
				4.533,
				1
			]
		},
		{
			"Target": "PartOpacity",
			"Id": "Part01Nose001",
			"Segments": [
				0,
				1,
				2,
				4.5,
				1,
				0,
				4.533,
				1
			]
		},
		{
			"Target": "PartOpacity",
			"Id": "Part01Mouth001",
			"Segments": [
				0,
				1,
				2,
				4.5,
				1,
				0,
				4.533,
				1
			]
		},
		{
			"Target": "PartOpacity",
			"Id": "Part01Face001",
			"Segments": [
				0,
				1,
				2,
				4.5,
				1,
				0,
				4.533,
				1
			]
		},
		{
			"Target": "PartOpacity",
			"Id": "Part01Ear001",
			"Segments": [
				0,
				1,
				2,
				4.5,
				1,
				0,
				4.533,
				1
			]
		},
		{
			"Target": "PartOpacity",
			"Id": "Part01Neck001",
			"Segments": [
				0,
				1,
				2,
				4.5,
				1,
				0,
				4.533,
				1
			]
		},
		{
			"Target": "PartOpacity",
			"Id": "Part01HairFront001",
			"Segments": [
				0,
				1,
				2,
				4.5,
				1,
				0,
				4.533,
				1
			]
		},
		{
			"Target": "PartOpacity",
			"Id": "Part01HairSide001",
			"Segments": [
				0,
				1,
				2,
				4.5,
				1,
				0,
				4.533,
				1
			]
		},
		{
			"Target": "PartOpacity",
			"Id": "Part01HairBack001",
			"Segments": [
				0,
				1,
				2,
				4.5,
				1,
				0,
				4.533,
				1
			]
		},
		{
			"Target": "PartOpacity",
			"Id": "Part01ArmRB001",
			"Segments": [
				0,
				1,
				2,
				4.5,
				1,
				0,
				4.533,
				1
			]
		},
		{
			"Target": "PartOpacity",
			"Id": "Part01ArmLB001",
			"Segments": [
				0,
				1,
				2,
				4.5,
				1,
				0,
				4.533,
				1
			]
		},
		{
			"Target": "PartOpacity",
			"Id": "Part01ArmRA001",
			"Segments": [
				0,
				0,
				2,
				4.5,
				0,
				0,
				4.533,
				0
			]
		},
		{
			"Target": "PartOpacity",
			"Id": "Part01ArmLA001",
			"Segments": [
				0,
				0,
				2,
				4.5,
				0,
				0,
				4.533,
				0
			]
		},
		{
			"Target": "PartOpacity",
			"Id": "Part01Body001",
			"Segments": [
				0,
				1,
				2,
				4.5,
				1,
				0,
				4.533,
				1
			]
		},
		{
			"Target": "PartOpacity",
			"Id": "Part01Sketch",
			"Segments": [
				0,
				0,
				2,
				4.5,
				0,
				0,
				4.533,
				0
			]
		}
	]
}